filename,link
10065.jpg,http://assets.myntassets.com/v1/images/style/properties/ef754e63472dece06abfa6d6c1266d91_images.jpg
10096.jpg,http://assets.myntassets.com/v1/images/style/properties/ab539228aaa6b834a99eef6cf339c057_images.jpg
10062.jpg,http://assets.myntassets.com/v1/images/style/properties/821d377e49f3aa198c1937e9793099a6_images.jpg
10054.jpg,http://assets.myntassets.com/v1/images/style/properties/dd87d19692f01880e34a6cf2b0bd9b22_images.jpg
10098.jpg,http://assets.myntassets.com/v1/images/style/properties/703a4bc156df5eb4719dc0dd2e871d82_images.jpg
10053.jpg,http://assets.myntassets.com/v1/images/style/properties/25e4db79314ebf7ae946ec496f7cced0_images.jpg
10007.jpg,http://assets.myntassets.com/v1/images/style/properties/54315bd731592e29d830218599d0a974_images.jpg
10000.jpg,http://assets.myntassets.com/v1/images/style/properties/df30bc92249a83ec84b5ba682bf5a0fa_images.jpg
10009.jpg,http://assets.myntassets.com/v1/images/style/properties/c683c989cc53d172a8d9b175d75d1294_images.jpg
10031.jpg,http://assets.myntassets.com/v1/images/style/properties/f891a7ec22ae36e8c14defd61bb0b7f3_images.jpg
10099.jpg,http://assets.myntassets.com/v1/images/style/properties/b9087cd7ae406a75259287725e05213b_images.jpg
10052.jpg,http://assets.myntassets.com/v1/images/style/properties/575ec204c6922cbdf81a7303d8bf8f23_images.jpg
10063.jpg,http://assets.myntassets.com/v1/images/style/properties/326621cc6459c808536e5229782ea491_images.jpg
10097.jpg,http://assets.myntassets.com/v1/images/style/properties/a947ceec9e8c493229417e1a1390417e_images.jpg
10064.jpg,http://assets.myntassets.com/v1/images/style/properties/473df328352f5cc757a7e6734167c52a_images.jpg
10030.jpg,http://assets.myntassets.com/v1/images/style/properties/8483c7e54ece0a2de025182f4b30e3b5_images.jpg
10037.jpg,http://assets.myntassets.com/v1/images/style/properties/c876491b1ad3bbece863d5bf29408446_images.jpg
10008.jpg,http://assets.myntassets.com/v1/images/style/properties/11208e022cee193bc9ce69ae7601d11e_images.jpg
10001.jpg,http://assets.myntassets.com/v1/images/style/properties/021cc52e8426a3d983e4d7ec660a70b2_images.jpg
10006.jpg,http://assets.myntassets.com/v1/images/style/properties/74f42a1523d450362f6579f96b64b608_images.jpg
10039.jpg,http://assets.myntassets.com/v1/images/style/properties/8c7024fc08196b33759515ff1d542899_images.jpg
10111.jpg,http://assets.myntassets.com/v1/images/style/properties/2564fc4ea392445c307a9b044b049efd_images.jpg
10110.jpg,http://assets.myntassets.com/v1/images/style/properties/20fc6e0f15e98e760f67d8c6f3a61ff3_images.jpg
10104.jpg,http://assets.myntassets.com/v1/images/style/properties/119c4e8d603f2504934a74d7cd846b82_images.jpg
10102.jpg,http://assets.myntassets.com/v1/images/style/properties/c6b651c3474dc980106eadf223fc6422_images.jpg
10105.jpg,http://assets.myntassets.com/v1/images/style/properties/0b36b904a338a58bb059a5277a088304_images.jpg
10024.jpg,http://assets.myntassets.com/v1/images/style/properties/888b6b3f4e53b64b22b4c836ecca0666_images.jpg
10023.jpg,http://assets.myntassets.com/v1/images/style/properties/0dc04c9600a1bcb794629e743779bf35_images.jpg
10015.jpg,http://assets.myntassets.com/v1/images/style/properties/4576528b60bdbec05893efe87d2c284b_images.jpg
10012.jpg,http://assets.myntassets.com/v1/images/style/properties/0ea46424229645fa229d38b0eff4afc5_images.jpg
10046.jpg,http://assets.myntassets.com/v1/images/style/properties/eb6356e3915780613a7c3533ad3fdab0_images.jpg
10079.jpg,http://assets.myntassets.com/v1/images/style/properties/68be265f451f371dac65dc4f76a99f21_images.jpg
10041.jpg,http://assets.myntassets.com/v1/images/style/properties/0ce5fc38767b9140c4e2c5efe8dbbb31_images.jpg
10083.jpg,http://assets.myntassets.com/v1/images/style/properties/859b90da56eca0b45ca6022f2c6ce9d7_images.jpg
10048.jpg,http://assets.myntassets.com/v1/images/style/properties/4c4c7f32dcf714a378b5fb818b84a57e_images.jpg
10070.jpg,http://assets.myntassets.com/v1/images/style/properties/cff49d4482569b840645af1766db33fe_images.jpg
10013.jpg,http://assets.myntassets.com/v1/images/style/properties/8294dba13908524b577b295ca6282838_images.jpg
10014.jpg,http://assets.myntassets.com/v1/images/style/properties/7c92ff84d5e91203ba60b622e0431dec_images.jpg
10022.jpg,http://assets.myntassets.com/v1/images/style/properties/dcdf10855cb9709e3ff034e62313a54c_images.jpg
10025.jpg,http://assets.myntassets.com/v1/images/style/properties/7317c5199336e94d3501ffb607cc5b12_images.jpg
10071.jpg,http://assets.myntassets.com/v1/images/style/properties/8b99b044cc4272ddcd5aa6bda74c8a81_images.jpg
10082.jpg,http://assets.myntassets.com/v1/images/style/properties/7ebd5995024cda13732fe2bc5b59f63b_images.jpg
10076.jpg,http://assets.myntassets.com/v1/images/style/properties/b70850d768383499cac7d0327a301656_images.jpg
10049.jpg,http://assets.myntassets.com/v1/images/style/properties/a999c915f8b14dbff2b8d1709061c903_images.jpg
10040.jpg,http://assets.myntassets.com/v1/images/style/properties/c2e91f240ec1503abde9529cdea2e434_images.jpg
10047.jpg,http://assets.myntassets.com/v1/images/style/properties/031fdac535f3c5630b6c63a1dbbbb859_images.jpg
10078.jpg,http://assets.myntassets.com/v1/images/style/properties/d2aa2e147e9d44851450864dfd05c281_images.jpg
10003.jpg,http://assets.myntassets.com/v1/images/style/properties/2fc776b82eaaf82497f1a13cf63eb073_images.jpg
10004.jpg,http://assets.myntassets.com/v1/images/style/properties/9556d66f526ab7923d599fdddee1e4b9_images.jpg
10032.jpg,http://assets.myntassets.com/v1/images/style/properties/826d8f5d5e64a05b51c0afd3d5adb1ba_images.jpg
10035.jpg,http://assets.myntassets.com/v1/images/style/properties/ca06d73e7eabdfe68bcdee9c3a8739fc_images.jpg
10095.jpg,http://assets.myntassets.com/v1/images/style/properties/25f5a65c9c5dbf5f7631cf2d3f0d20f3_images.jpg
10061.jpg,http://assets.myntassets.com/v1/images/style/properties/9a1511e85d03032420c7dd0481707515_images.jpg
10059.jpg,http://assets.myntassets.com/v1/images/style/properties/506e68ce21f4ee2dbfe8117c63d54aa1_images.jpg
10066.jpg,http://assets.myntassets.com/v1/images/style/properties/b9c52b5667d67014a17e00d31f001530_images.jpg
10092.jpg,http://assets.myntassets.com/v1/images/style/properties/29bafa503018057b586e376213c8f7a9_images.jpg
10050.jpg,http://assets.myntassets.com/v1/images/style/properties/74bc9f69684b61729b7950ff07114d49_images.jpg
10068.jpg,http://assets.myntassets.com/v1/images/style/properties/69528f3383099e6013052b49ff5f6906_images.jpg
10057.jpg,http://assets.myntassets.com/v1/images/style/properties/7e75438fd1d569711ccdc49c3af0a7c8_images.jpg
10034.jpg,http://assets.myntassets.com/v1/images/style/properties/612c8af18a9a4b6010fdd16dd80d5246_images.jpg
10033.jpg,http://assets.myntassets.com/v1/images/style/properties/894025afc35ba6f9924867af75d608c4_images.jpg
10005.jpg,http://assets.myntassets.com/v1/images/style/properties/5dc5a3265be8eeefdbd7c06e43ff6cb9_images.jpg
10002.jpg,http://assets.myntassets.com/v1/images/style/properties/787b1a9dd9abb5279976bac35ab78c2d_images.jpg
10069.jpg,http://assets.myntassets.com/v1/images/style/properties/a992b89ffa8033dca43f58dd0106033a_images.jpg
10056.jpg,http://assets.myntassets.com/v1/images/style/properties/6988d144f536d572a4a19cbfc3e49f98_images.jpg
10051.jpg,http://assets.myntassets.com/v1/images/style/properties/0a8c0bf5d6f680a4b712050a67c63c84_images.jpg
10058.jpg,http://assets.myntassets.com/v1/images/style/properties/85edd9fe185b64067be2e2aa5f1e7d81_images.jpg
10093.jpg,http://assets.myntassets.com/v1/images/style/properties/0c09e6d84d5a38033dc6574465a3f5af_images.jpg
10067.jpg,http://assets.myntassets.com/v1/images/style/properties/392f6b2acfb489b56a0e8d62d6f1fdef_images.jpg
10060.jpg,http://assets.myntassets.com/v1/images/style/properties/c9ea7b775dd14c52b71b265f4544fd17_images.jpg
10112.jpg,http://assets.myntassets.com/v1/images/style/properties/d2e026c2f28ea294a9bac4e43e064e97_images.jpg
10109.jpg,http://assets.myntassets.com/v1/images/style/properties/9fa4929c4fb0fba28aa035f2bd2b7326_images.jpg
10107.jpg,http://assets.myntassets.com/v1/images/style/properties/25b345388b1851b384f3a28ae1368f65_images.jpg
10106.jpg,http://assets.myntassets.com/v1/images/style/properties/fdac2846ffd3a6fa3cf95b6f379591c1_images.jpg
10101.jpg,http://assets.myntassets.com/v1/images/style/properties/19ec8f66795dfeae910c34973fa9b32f_images.jpg
10108.jpg,http://assets.myntassets.com/v1/images/style/properties/2c302276b47365707b2896a0d5798ad6_images.jpg
10042.jpg,http://assets.myntassets.com/v1/images/style/properties/fd92254d0f9006661bee76ac33f5c9bf_images.jpg
10089.jpg,http://assets.myntassets.com/v1/images/style/properties/5835ec5fe9b308e4b838985212832b57_images.jpg
10045.jpg,http://assets.myntassets.com/v1/images/style/properties/74b69fbb1f5697af585c3ebc18315918_images.jpg
10073.jpg,http://assets.myntassets.com/v1/images/style/properties/e23ec316027fea04777a336ef8091706_images.jpg
10074.jpg,http://assets.myntassets.com/v1/images/style/properties/6dabe0a0503cb611e831111a26aedf6e_images.jpg
10080.jpg,http://assets.myntassets.com/v1/images/style/properties/15017ddf96926014061a0b06525b554e_images.jpg
10020.jpg,http://assets.myntassets.com/v1/images/style/properties/87ae1ed282a5057fafbf1d693b247659_images.jpg
10018.jpg,http://assets.myntassets.com/v1/images/style/properties/Nike-Men-Black-Three-Quarter-Track-Pants_38fb020e318c77b678317fe9d16695a0_images.jpg
10027.jpg,http://assets.myntassets.com/v1/images/style/properties/da791422b3800d0abcca75d600a83f79_images.jpg
10011.jpg,http://assets.myntassets.com/v1/images/style/properties/Nike-Men-Grey-Melange-Track-Pants_ec04f71d66884cf587041154b74517c2_images.jpg
10029.jpg,http://assets.myntassets.com/v1/images/style/properties/cb273208c26f6ddaf749b9fb11b827b1_images.jpg
10016.jpg,http://assets.myntassets.com/v1/images/style/properties/5cb54a4d277bd2dbfd7cb17832112c31_images.jpg
10081.jpg,http://assets.myntassets.com/v1/images/style/properties/0543c05bce84b0fcbeeabb354a821fea_images.jpg
10075.jpg,http://assets.myntassets.com/v1/images/style/properties/87684581db1232150a9ffca2b05e16f6_images.jpg
10072.jpg,http://assets.myntassets.com/v1/images/style/properties/4fb3ec9b0c071fd9b85213135e6fdfdf_images.jpg
10044.jpg,http://assets.myntassets.com/v1/images/style/properties/feee09d16daa4bd9f01bb6a87693aa84_images.jpg
10043.jpg,http://assets.myntassets.com/v1/images/style/properties/7f8898f2b88316fdc4cc970f08b56daf_images.jpg
10088.jpg,http://assets.myntassets.com/v1/images/style/properties/4dac018abe2b09b76c465624cb319e6f_images.jpg
10028.jpg,http://assets.myntassets.com/v1/images/style/properties/d099fee09179cfa2b806d8728cf4542a_images.jpg
10017.jpg,http://assets.myntassets.com/v1/images/style/properties/9f87ee7f474418708b44f85560868489_images.jpg
10010.jpg,http://assets.myntassets.com/v1/images/style/properties/a062e261b6d3e1349a6d2a6aa7371669_images.jpg
10019.jpg,http://assets.myntassets.com/v1/images/style/properties/b6a7fd3fd2f7ec8b6633854e4c10312f_images.jpg
10026.jpg,http://assets.myntassets.com/v1/images/style/properties/cef2af04f8327e7d5dc432bc72ddda5f_images.jpg
10021.jpg,http://assets.myntassets.com/v1/images/style/properties/434ee4b4ee8cc7d9ed0f2e7e975960d8_images.jpg
